{
  "IcoMoonType": "selection",
  "icons": [
    {
      "icon": {
        "paths": [
          "M0 64v640h1024v-640h-1024zM960 640h-896v-512h896v512zM672 768h-320l-32 128-64 64h512l-64-64z"
        ],
        "attrs": [],
        "tags": [
          "display",
          "screen",
          "monitor",
          "computer",
          "desktop",
          "pc"
        ],
        "grid": 16
      },
      "attrs": [],
      "properties": {
        "id": 353,
        "order": 53,
        "prevSize": 32,
        "ligatures": "display, screen",
        "name": "display",
        "code": 59649
      },
      "setIdx": 1,
      "setId": 0,
      "iconIdx": 86
    },
    {
      "icon": {
        "paths": [
          "M736 0h-448c-52.8 0-96 43.2-96 96v832c0 52.8 43.2 96 96 96h448c52.8 0 96-43.2 96-96v-832c0-52.8-43.2-96-96-96zM384 48h256v32h-256v-32zM512 960c-35.346 0-64-28.654-64-64s28.654-64 64-64 64 28.654 64 64-28.654 64-64 64zM768 768h-512v-640h512v640z"
        ],
        "attrs": [],
        "tags": [
          "mobile",
          "cell-phone",
          "handheld"
        ],
        "grid": 16
      },
      "attrs": [],
      "properties": {
        "id": 358,
        "order": 54,
        "prevSize": 32,
        "ligatures": "mobile, cell-phone",
        "name": "mobile",
        "code": 59650
      },
      "setIdx": 1,
      "setId": 0,
      "iconIdx": 88
    },
    {
      "icon": {
        "paths": [
          "M1024 512c0-282.77-229.23-512-512-512s-512 229.23-512 512 229.23 512 512 512 512-229.23 512-512zM96 512c0-229.75 186.25-416 416-416s416 186.25 416 416-186.25 416-416 416-416-186.25-416-416z",
          "M317.256 354.744l-90.512 90.512 285.256 285.254 285.254-285.256-90.508-90.508-194.746 194.744z"
        ],
        "attrs": [],
        "tags": [
          "circle-down",
          "down",
          "circle-bottom",
          "arrow"
        ],
        "grid": 16
      },
      "attrs": [],
      "properties": {
        "order": 55,
        "id": 1394,
        "prevSize": 32,
        "ligatures": "circle-down, down3",
        "name": "circle-down",
        "code": 59648
      },
      "setIdx": 1,
      "setId": 0,
      "iconIdx": 323
    }
  ],
  "height": 1024,
  "metadata": {
    "name": "icomoon"
  },
  "preferences": {
    "showGlyphs": true,
    "showQuickUse": true,
    "showQuickUse2": true,
    "showSVGs": true,
    "fontPref": {
      "prefix": "icon-",
      "metadata": {
        "fontFamily": "icomoon"
      },
      "metrics": {
        "emSize": 1024,
        "baseline": 6.25,
        "whitespace": 50
      },
      "embed": false
    },
    "imagePref": {
      "prefix": "icon-",
      "png": true,
      "useClassSelector": true,
      "color": 4473924,
      "bgColor": 16777215,
      "classSelector": ".icon",
      "height": 32,
      "columns": 16,
      "margin": 16,
      "pdf": true
    },
    "historySize": 100,
    "showCodes": false,
    "gridSize": 16
  }
}